page_name,page_id,party,source
ChristenUnie Hoeksche Waard,1000182456818320,ChristenUnie,NA
Bas van 't Wout,100124381382350,VVD,NA
Gijs van Dijk,100291500469490,PvdA,NA
Eppo Bruins,100321288229672,ChristenUnie,NA
SP Amsterdam,100345376686972,SP,NA
Dordtse VVD,101039903379008,VVD,NA
Daan Versteeg,1010657719133320,CDA,NA
VVD Westerkwartier,1011775145585660,VVD,NA
Partij voor de Dieren,102287806490622,PvdD,NA
Politieke Partij Delta,102505038393058,Politieke Partij Delta,NA
Harmen Krul,102702261651304,CDA,NA
PvdA Zwolle,102760393111399,PvdA,NA
GO Realisme & Daadkracht,103244341131787,GO,NA
Maik Barten - Raadslid VVD Geldrop-Mierlo,103278663447730,VVD,NA
GroenLinks Oirschot,103360741627020,GroenLinks,NA
Nieuwe Democratie,103365881571818,Nieuwe Democratie,NA
Wethouder Cees Pille,103992696348691,VVD,NA
Vera Tax,104024417686758,PvdA,NA
Thierry Aartsen,1041897309271360,VVD,NA
Jelle Beemsterboer,105422274685438,CDA,NA
Ja21,106020448037192,Ja21,NA
Marco Eestermans PvdA,106235381376023,PvdA,NA
50plus Tilburg,1069373879746520,50PLUS,NA
CDJA Duin- en Bollenstreek,107407420701832,CDA,NA
VVD Gulpen-Wittem,107610150609555,VVD,NA
ChristenUnie Urk,107794439556152,ChristenUnie,NA
DENK Den Haag,108120604060106,DENK,NA
Eveline Tijmstra,108130921151383,CDA,NA
Bert-Jan Ruissen,108597633942628,SGP,NA
PvdA Waalwijk,108781350908437,PvdA,NA
Burger Belangen Nederland,109233967233458,Burger Belangen Nederland,NA
Sabine Koebrugge,109868597382077,VVD,NA
Politiek Op Maat,110211433868259,Politiek Op Maat,NA
CDA Ommen,1107043432765170,CDA,NA
Volt Deventer,110753764083012,Volt Nederland,NA
Michiel Dijkman Kamerlid Kandidaat #38,111134424085540,CDA,NA
GroenLinks Zuid-Holland,111881632210618,GroenLinks,NA
Jonge Socialisten in de PvdA,112246298811452,PvdA,NA
Liane den Haan,1122985514429410,50PLUS,NA
Omdat ik het verdien,112341377212761,PvdA,NA
Arne Weverling,112714980596832,VVD,NA
D66 Soest-Soesterberg,1129208503774920,D66,NA
Partij van de Arbeid (PvdA),113895885305052,PvdA,NA
VVD IJsselstein,114055275385794,VVD,NA
Joël Voordewind,1142077739171590,ChristenUnie,NA
De Haagse VVD,114631488645360,VVD,NA
VVD Renswoude,115029341980720,VVD,NA
PvdA Roosendaal,115241245317898,PvdA,NA
GroenLinks Rotterdam,116050085145365,GroenLinks,NA
Meerssense VVD,1160701620720060,VVD,NA
GroenLinks Overbetuwe,1166808893329410,GroenLinks,NA
Carla Dik-Faber,1169104093164170,ChristenUnie,NA
VVD Vught-Helvoirt-Cromvoirt,117095328492297,VVD,NA
VVD Halderberge,117128052210675,VVD,NA
VVD Lokaal Netwerk Brussel,117346168281139,VVD,NA
D66 Woerden,117481438306203,D66,NA
VVD Wormerland,1196350273823970,VVD,NA
SP Kerkrade,120767601437627,SP,NA
SP Zutphen/Warnsveld,1207987872568660,SP,NA
VVD,121264564551002,VVD,NA
PvdA Noordoostpolder,1218520171552620,PvdA,NA
Burgemeester Han van Midden,122476232484830,VVD,NA
Partij voor de Dieren Den Haag,122589134531844,PvdD,NA
VVD Gemert-Bakel,1228215290628520,VVD,NA
VVD Venlo,123074804424518,VVD,NA
PvdA Brabant,123604241074923,PvdA,NA
D66 Enschede,123661660977745,D66,NA
Klaas Dijkhoff,124282324250399,VVD,NA
Bert Veenstra - aspirant kandidaat voor Partij van de Arbeid,1245849062154550,PvdA,NA
D66 Aalten-Dinxperlo,1248801595203740,D66,NA
SP Groningen,125382950819455,SP,NA
Libertaire Partij - LP,125663380814227,Libertaire Partij,NA
PVV Sittard-Geleen,1263240523724890,PVV,NA
JOVD Eindhoven,128111953937914,VVD,NA
SP,128393027527,SP,NA
De Utrechtse VVD,128640250574683,VVD,NA
Partij voor de Dieren Zeeland,129568950441577,PvdD,NA
D66 Eemsdelta,130487254323668,D66,NA
JFVD,1310158545730620,FvD,NA
D66 's-Hertogenbosch,131158970298702,D66,NA
Daniel Koerhuis,1312513348824130,VVD,NA
GroenLinks Den Haag,133610523380150,GroenLinks,NA
D66 Oisterwijk,1345685305522860,D66,NA
CDA Terneuzen,134845486657988,CDA,NA
SGP-jongeren,134898129893433,SGP,NA
CDA Katwijk,135376383177889,CDA,NA
Arnout van den Bosch - Raadslid PvdA Amstelveen,135501903830947,PvdA,NA
"CDJA, CDA-jongeren",135642563196256,CDA,NA
VVD Harderwijk-Hierden,135925936464418,VVD,NA
SP Rotterdam,136653320218,SP,NA
D66 Lingewaard,1377280262539840,D66,NA
Raoul Boucke,1378051212479420,D66,NA
Pvda Lingewaard,1380763172182210,PvdA,NA
Agnes Mulder,138208102983774,CDA,NA
PvdA Vlaardingen,1383104228576990,PvdA,NA
Thom de Vries D66,138401470173379,D66,NA
PvdA Tilburg,1389317844656910,PvdA,NA
PvdA Nijmegen,1393529407559070,PvdA,NA
PvdA Winterswijk,1393972554182060,PvdA,NA
JOVD Amsterdam e.o.,140197449380734,VVD,NA
Pvda Rijswijk,140205082843346,PvdA,NA
Christenunie Hardenberg,1407071029524550,ChristenUnie,NA
GroenLinks Helmond,1411283215766690,GroenLinks,NA
PvdA Goes,1412530858983760,PvdA,NA
GroenLinks Alkmaar,1414350562183210,GroenLinks,NA
CDA Ermelo,1417520661873950,CDA,NA
De Deurnese VVD,1422274718011010,VVD,NA
PvdA Valkenswaard,1422889834673370,PvdA,NA
NIDA,1438054859744080,NIDA,NA
JOVD Utrecht e.o.,143965825711068,VVD,NA
Wethouder Robert van Asten,1440785062866880,D66,NA
SP Haarlem,1441662002729820,SP,NA
PvdA Amersfoort,144728552295443,PvdA,NA
VVD Leiden,145751698819583,VVD,NA
Volt Nederland,146644665960101,Volt Nederland,NA
Jos van Ginneken,146649939174312,CDA,NA
D66 Zeeland,146790238829202,D66,NA
SGP Urk,1475272182780530,SGP,NA
D66 Leiden,147722648491,D66,NA
Gert-Jan Segers,147772805659767,ChristenUnie,NA
VVD Heemskerk,148005128902583,VVD,NA
Ingrid van Wifferen,148530589219712,D66,NA
Lelystad SGP,1502902726692280,SGP,NA
Partij van de Arbeid PvdA Midden-Groningen,1510532972292650,PvdA,NA
CDA Heemskerk,1512067898874080,CDA,NA
CDA Sint-Michielsgestel,151541561675000,CDA,NA
SGP Goeree-Overflakkee,151766691678928,SGP,NA
FVD Amsterdam,1519997944789250,FvD,NA
De Amsterdamse VVD,152313778157632,VVD,NA
CDA Zuid-Holland,1523833891223460,CDA,NA
Wetenschappelijk Instituut ChristenUnie,152432188110990,ChristenUnie,NA
GroenLinks Berg en Dal,153189941370381,GroenLinks,NA
Jonge Democraten,153357044722038,D66,NA
D66 Overijssel,153430294762818,D66,NA
Partij voor de Dieren Noord-Brabant,153434794680208,PvdD,NA
VVD Altena,1543542572602850,VVD,NA
De Rotterdamse VVD,154456451319810,VVD,NA
Groenlinks Schagen,154736434721703,GroenLinks,NA
DENK,1550088745275910,DENK,NA
PvdA Waalwijk,1551637291831660,PvdA,NA
Wethouder Klaas Valkering,1555448837895990,CDA,NA
CDA Zaanstad,1557210341199530,CDA,NA
D66 Den Haag,155758593317,D66,NA
CDA Provincie Utrecht,1559225897625340,CDA,NA
VVD Oisterwijk,155956504541781,VVD,NA
VVD Waterschap Limburg,1563699950578930,VVD,NA
PVV Lelystad,156993281594555,PVV,NA
VVD Gennep,157342181127991,VVD,NA
Wiardi Beckman Stichting,157600177601312,PvdA,NA
ChristenUnie Zeeland,157671251089913,ChristenUnie,NA
CDA Harderwijk Hierden,1595248250741420,CDA,NA
Harry van der Molen,1598361623791980,CDA,NA
D66 Haarlemmermeer,160222337386850,D66,NA
Michael Kalthoff,160231627962186,D66,NA
VVD Olst-Wijhe,160488060781842,VVD,NA
VVD Zoetermeer,162212757160066,VVD,NA
Forum voor Democratie Zeeland,1631684917126240,FvD,NA
Jonge Democraten Amsterdam,163556367006942,D66,NA
CDA Midden-Groningen,1649013595380040,CDA,NA
Marie-José de Bruijn Raadslid Gemeente Beek,1662148977224700,CDA,NA
PvdA Het Hogeland,1663807260315460,PvdA,NA
SP Winterswijk,166722416859309,SP,NA
D66Velsen,167333296705784,D66,NA
VVD Helmond,167597420073347,VVD,NA
Piratenpartij Utrecht - PPU,167833720446018,Piratenpartij,NA
GroenLinks Dordrecht,168582430001649,GroenLinks,NA
VVD Haarlem,169065999840857,VVD,NA
ChristenUnie Rijssen-Holten,169693763207431,ChristenUnie,NA
VVD Bunnik,169783746552665,VVD,NA
PvdA Amsterdam,170060616402275,PvdA,NA
Michel Rog,1701977273392330,CDA,NA
Koggenlandse VVD,170320339747730,VVD,NA
Rotterdam BIJ1,170469190212212,BIJ1,NA
Raymond Knops,1705660683039800,CDA,NA
PvdA Stichtse Vecht,1715340175444650,PvdA,NA
D66 Delft,171999852960244,D66,NA
Liberale Partij Maastricht,1725464544369370,Libertaire Partij,NA
Maurits von Martels CDA,1727815447535720,CDA,NA
D66 Noord-Beveland,1729913110668530,D66,NA
Jolanda van Gool PvdA073,1734008883285300,PvdA,NA
Malik Azmani,1734459723547460,VVD,NA
VVD Maasland,1743766155846130,VVD,NA
GroenLinks Edam-Volendam,174522982750697,GroenLinks,NA
GroenLinks Midden-Groningen,1745762299021140,GroenLinks,NA
Partij voor de Dieren Almere,1746352698711500,PvdD,NA
Alkmaarse VVD,174727955895958,VVD,NA
Arjan de Vries,174891033059631,PvdA,NA
D66 Goes,1750415495212070,D66,NA
Marius Wiegman,175250373219599,VVD,NA
CDA Den Haag,175658419295023,CDA,NA
GroenLinks,175740570505,GroenLinks,NA
Burgemeester Michiel Pijl,1771461669799660,CDA,NA
CDA Smallingerland,1787602688161420,CDA,NA
VVD Rhenen,1788767758074480,VVD,NA
René Peters,1791229601140640,CDA,NA
GroenLinks Veenendaal,180322962326,GroenLinks,NA
Partij voor de Dieren Alkmaar,1803486813232260,PvdD,NA
Jonge Democraten Leiden - Haaglanden (JD),180992861938464,D66,NA
GroenLinks Groningen,181031342395,GroenLinks,NA
VVD-Woudenberg,183495805173455,VVD,NA
Almeerse VVD,183538275059926,VVD,NA
Rudmer Heerema,1839041743042730,VVD,NA
CDA Hoeksche Waard,184189882389473,CDA,NA
Joba van den Berg,1844392342447690,CDA,NA
PVV Hengelo,185988911871870,PVV,NA
Mustafa Amhaouch,1862580210628900,CDA,NA
D66 Almere,186370224739032,D66,NA
Pvda Beesel-Reuver,186407568165708,PvdA,NA
VVD Zwartewaterland,187680031329594,VVD,NA
Pvda Hof van Twente,187885148045634,PvdA,NA
David Bosch - PVV Utrecht,190051308416101,PVV,NA
PINK Limburg,1901080366774590,PvdD,NA
PvdA Haarlemmermeer,190173454467936,PvdA,NA
PvdA Den Haag,190869220945975,PvdA,NA
DWARS Wageningen Oud/Inactief,192028604154756,GroenLinks,NA
CDA Harlingen,192600774817587,CDA,NA
Jan Hopstaken Raadslid,192705081300674,PvdA,NA
CDA Neder-Betuwe,193223164173865,CDA,NA
ChristenUnie Molenlanden,1938971373084050,ChristenUnie,NA
GroenLinks Aa en Hunze,1940934655935970,GroenLinks,NA
VVD Zwolle,194216524014233,VVD,NA
Bossche VVD,194900893890599,VVD,NA
CDA Urk,195220513824326,CDA,NA
CDA Woudenberg,196310430554710,CDA,NA
VVD De Bilt,196419123885680,VVD,NA
Wetenschappelijk Instituut Statera,1965306773723580,DENK,NA
PVV Stichtse Vecht,1967914100151470,PVV,NA
D66 Beekdaelen,1970145503263770,D66,NA
De Woerdense VVD,197238087060916,VVD,NA
D66 Rotterdam,197240740326073,D66,NA
VVD Heumen,197435423736962,VVD,NA
VVD Wassenaar,197515056951719,VVD,NA
PvdA Europa,199340240080632,PvdA,NA
CDA Doetinchem,199385600271549,CDA,NA
PvdA Sluis,1995851374019790,PvdA,NA
JOVD 's-Hertogenbosch e.o.,200799316690979,VVD,NA
VVD Roosendaal,201138969999107,VVD,NA
D66 Nederweert,201175180237864,D66,NA
D66 Waalre,201821126683232,D66,NA
Wopke Hoekstra,2018408465106870,CDA,NA
Geert Wilders,202064936858448,PVV,NA
CDA Hattem,202773499768178,CDA,NA
VVD Purmerend,204112443050641,VVD,NA
VVD De Fryske Marren,204113719762337,VVD,NA
ChristenUnie West Betuwe,205242676331332,ChristenUnie,NA
JOVD Flevoland,205880866133496,VVD,NA
Esther de Lange,206205079489175,CDA,NA
CDA Overijssel,206932742776182,CDA,NA
PvdA Midden-Delfland,206998282815876,PvdA,NA
Paul Tang,208020512703248,PvdA,NA
PvdA Groningen,208032132579030,PvdA,NA
SGP-jongeren CK,208182482974377,SGP,NA
D66 Heusden,208483356011488,D66,NA
Bas Eickhout,208578955894331,GroenLinks,NA
Bas de Wit,2089589647982370,VVD,NA
D66Voerendaal,209004852638957,D66,NA
D66 Uitgeest,209381922872,D66,NA
"PerspectieF, ChristenUnie-jongeren",209648345740233,ChristenUnie,NA
CDA Uithoorn - De Kwakel,209971895842485,CDA,NA
Wethouder Haydar Erol,211016109549003,GroenLinks,NA
Catharina Rinzema,2114625695290780,VVD,NA
CDA.sonenbreugel,211527752371216,CDA,NA
ChristenUnie,211661062254003,ChristenUnie,NA
Jaco Geurts,211966142554381,CDA,NA
CDA Stede Broec,213849225325847,CDA,NA
VVD Raalte,215048268616589,VVD,NA
Partij voor de Dieren Limburg,217567158255542,PvdD,NA
50PLUS Gelderland,218046225000851,50PLUS,NA
VVD Apeldoorn,218454524993606,VVD,NA
ChristenUnie Harderwijk/Hierden,219046481529214,ChristenUnie,NA
Benni Leemhuis,219151244837835,GroenLinks,NA
PvdA Kerkrade,220138834728873,PvdA,NA
CDA Sluis,220440588148776,CDA,NA
VVD Almelo,222078441181157,VVD,NA
VVD Nijmegen,225044264301061,VVD,NA
D66 Groningen,225922380838567,D66,NA
Stefan Mees,2266283526750050,VVD,NA
GroenLinks Flevoland,227891484046459,GroenLinks,NA
D66 Leudal,228095397350613,D66,NA
Tom Berendsen,2301184920146130,CDA,NA
PvdA Hollands Kroon,230610190325538,PvdA,NA
Kim van Sparrentak,2326697260991620,GroenLinks,NA
VVD Montfoort,233207220184530,VVD,NA
De Nederweerter VVD,233854086775969,VVD,NA
PvdA Haren,234858363335659,PvdA,NA
D66 Haarlem,235718236590845,D66,NA
Jan Middendorp,236051590173019,VVD,NA
Chris van Dam,237429380031891,CDA,NA
CDA Asten,238075096364508,CDA,NA
GroenLinks Westerkwartier,241078299830628,GroenLinks,NA
ChristenUnie Ede,242128959237930,ChristenUnie,NA
Jonge Democraten Rotterdam,242841979083905,D66,NA
VVD Utrechtse Heuvelrug,243926369062604,VVD,NA
VVD Opsterland,244357102562650,VVD,NA
Leon de Lange - wethouder,246666169164239,D66,NA
De Weerter VVD,248861831896013,VVD,NA
GroenLinks Arnhem,250437457508,GroenLinks,NA
CDA-Hilversum,251158461698171,CDA,NA
SGP Jongeren Vallei & Rijn,251558268238889,SGP,NA
SP Deventer,252299414886741,SP,NA
Kati Piri,254626848046622,PvdA,NA
VVD Culemborg,254680748075982,VVD,NA
Lodewijk Asscher,254918764596191,PvdA,NA
De Oldenzaalse VVD,257508240969596,VVD,NA
D66 Tilburg,259119013936,D66,NA
Lokaal CDA gemeente Epe,259622384190321,CDA,NA
CDA Opsterland,260653317801997,CDA,NA
De Heerhugowaardse VVD,261116077361193,VVD,NA
Jeroen Recourt,261344514299889,PvdA,NA
SGP Krimpen aan den IJssel,261891187284177,SGP,NA
CDA Wijchen,262802337226392,CDA,NA
Wethouder Johannes Goossen,267091170462122,CDA,NA
D66 Westfriesland,267847256626886,D66,NA
GroenLinks Leidschendam-Voorburg,270050976436396,GroenLinks,NA
D66 Utrecht,272033265993,D66,NA
VVD Tilburg,272230419490546,VVD,NA
GroenLinks Sint-Michielsgestel,275546039601538,GroenLinks,NA
VVD Oldambt,276491789134449,VVD,NA
SP Leiden,277015828628,SP,NA
ChristenUnie Amsterdam,282108071911694,ChristenUnie,NA
VVD Noord-Holland,286480434837730,VVD,NA
PvdA Leiden,286855144753205,PvdA,NA
SP Breda,289522761094912,SP,NA
Partij voor de Dieren Noord-Holland,290134957713451,PvdD,NA
Mohammed Chahim,290597421719639,PvdA,NA
D66 Amsterdam,290810577595982,D66,NA
Burgemeester Huub Hieltjes,292042270961963,VVD,NA
D66 Venlo,293145967399764,D66,NA
PVV Fryslan,294901587336825,PVV,NA
Judith Sargentini,296489277060163,GroenLinks,NA
SP Den Haag,305271288472,SP,NA
CDA Maastricht,305525042814385,CDA,NA
VVD Goeree-Overflakkee,305812906126532,VVD,NA
D66 Vught-Helvoirt-Cromvoirt,305998839508251,D66,NA
FVD Noord-Brabant,306407210253856,FvD,NA
PvdA Reusel De Mierden,306810719374111,PvdA,NA
Forum voor Democratie Noord-Holland -FVD,309140246675079,FvD,NA
Gestelse VVD,315095378608398,VVD,NA
PvdA Borger-Odoorn,316719818346344,PvdA,NA
Jeroen Lenaers,316960281776479,CDA,NA
ChristenUnie Amersfoort,317349971611583,ChristenUnie,NA
Jonge Democraten Limburg,318076088223165,D66,NA
VVD Soest/Soesterberg,318840268197219,VVD,NA
SGP Staphorst,319519798445256,SGP,NA
CDA,320374518118,CDA,NA
Pvda Krimpen,320593364806627,PvdA,NA
CDA Eemsdelta,321817418536017,CDA,NA
CDA Doesburg,323069454456751,CDA,NA
D66 Losser,323187547697177,D66,NA
GroenLinks 's-Hertogenbosch,325974597457192,GroenLinks,NA
VVD Geldrop-Mierlo,325990707510508,VVD,NA
JOVD Twente,326639394104734,VVD,NA
CDA Zeeland,327605354041024,CDA,NA
SP Roermond,330274643781669,SP,NA
PvdA Provincie Groningen,330384780486845,PvdA,NA
Limburgse VVD,333726830018322,VVD,NA
GroenLinks Leiden,334224188495,GroenLinks,NA
Hugo de Jonge,337991513008675,CDA,NA
SP Veenendaal,339241753098101,SP,NA
VVDZeist,339859456128700,VVD,NA
CDA Goirle Riel,339932172815655,CDA,NA
PvdA Rotterdam,340871992590484,PvdA,NA
VVD Middelburg,341298732915644,VVD,NA
Jorn Lok - VVD Zutphen,341800552897219,VVD,NA
VVD Schiedam,342564449464162,VVD,NA
CDA Veenendaal,343995085744200,CDA,NA
Dennis Wiersma,344926199223477,VVD,NA
VVD Emmen,346093205489554,VVD,NA
VVD Bunschoten,346704992122344,VVD,NA
50PLUSpartij,347623668624706,50PLUS,NA
Wouter Versluijs,348378576067592,D66,NA
CDA Utrecht,348600985220459,CDA,NA
Richard de Mos,355078465348642,Code Oranje,NA
John Kerstens PvdA,355829394541247,PvdA,NA
Reinier Van Lanschot,357170858429968,Volt Nederland,NA
Vlaardingse VVD,358414441297967,VVD,NA
D66 Bommelerwaard,359300587500364,D66,NA
VVD Smallingerland,360950014036006,VVD,NA
Renaissance Instituut,361557387694730,FvD,NA
PvdA Heumen,366349027034383,PvdA,NA
PvdA Krimpenerwaard,366912353386282,PvdA,NA
VVD Scherpenzeel,367174533369302,VVD,NA
PvdA Haarlem,374461422625101,PvdA,NA
Samira Rafaela,379083586253587,D66,NA
Thierry Baudet,379837259062033,FvD,NA
GroenLinks Nijmegen,383355255040336,GroenLinks,NA
ChristenUnie Ommen,384737181678824,ChristenUnie,NA
Sgp Kampen,385564664900332,SGP,NA
PVV Utrecht,385625301862587,PVV,NA
GroenLinks Sittard-Geleen,386396184818902,GroenLinks,NA
PAL GroenLinks,387703957918671,GroenLinks,NA
DWARS Rotterdam-Rijnmond,391481867673026,GroenLinks,NA
VVD Breda,394219543964508,VVD,NA
ChristenUnie Eemsdelta,394558224722257,ChristenUnie,NA
CDA Vijfheerenlanden,397283743670490,CDA,NA
ChristenUnie Zwolle,402039413225497,ChristenUnie,NA
ChristenUnie Flevoland,403943403087425,ChristenUnie,NA
Madeleine van Toorenburg,404443543059212,CDA,NA
Jonge Democraten Brabant,406312749428070,D66,NA
Julian Bushoff,408189122964674,PvdA,NA
SP Arnhem,408987755826785,SP,NA
CDA Barneveld,409371815837560,CDA,NA
Lara Wolters,412036619614117,PvdA,NA
PvdA-Hoorn,418227798205443,PvdA,NA
CDA Aalten-Dinxperlo,418727481496257,CDA,NA
VVD Hilversum,423071014421919,VVD,NA
PvdA Nissewaard,423624667726498,PvdA,NA
GroenLinks Venlo,428488197166010,GroenLinks,NA
CDA Lansingerland,429679917098992,CDA,NA
CDA Vught Helvoirt Cromvoirt,430597160607656,CDA,NA
Jongerenbeweging Oppositie,432294193627700,DENK,NA
Jonge Democraten Wageningen,433064853551671,D66,NA
SGP,433611050005553,SGP,NA
GroenLinks Oosterhout,434409393299952,GroenLinks,NA
GroenLinks Alphen aan den Rijn,434756543235602,GroenLinks,NA
Toine Manders,435867793202351,CDA,NA
PvdA Enschede,436001856449324,PvdA,NA
CDA Gouda,441341285986856,CDA,NA
Zùmmers Belang CDA,445945465509986,CDA,NA
CDA Lisse,449134611796644,CDA,NA
De Boxtelse VVD,449240315186621,VVD,NA
PVV Gelderland,449928585192308,PVV,NA
PvdA Utrecht,451407014874001,PvdA,NA
VVD Lelystad,453689644643513,VVD,NA
SP Doesburg,454775281239898,SP,NA
VVD Nijkerk-Hoevelaken,457506067621492,VVD,NA
D66 Dijk en Waard,458832407560387,D66,NA
Jonge Democraten Arnhem-Nijmegen,460264454006488,D66,NA
CDA Dongen - 's Gravenmoer,461778550537027,CDA,NA
D66 Bloemendaal,466120763493964,D66,NA
VVD Alphen a/d Rijn,473422542679870,VVD,NA
PvdA Geldrop-Mierlo,476345199077535,PvdA,NA
Partij van de Arbeid Zaanstad,476388839115117,PvdA,NA
VVD Landgraaf,476759392439445,VVD,NA
Jonge Democraten Groningen,479111832122162,D66,NA
CDA Pride,480488435784054,CDA,NA
D66 Gennep,483088901801643,D66,NA
CDA Barendrecht,483478691758983,CDA,NA
DWARS Utrecht,484344661624749,GroenLinks,NA
JOVD Rijk van Nijmegen c.a.,489466991169762,VVD,NA
SP Vlaardingen,490557484330937,SP,NA
CDA Zoeterwoude,495077074013552,CDA,NA
SP Goirle,497053027078764,SP,NA
VVD Leidschendam-Voorburg,498944610134140,VVD,NA
JOVD Hart van Brabant,499191090115233,VVD,NA
VVD Stede Broec,504176193038156,VVD,NA
PvdA Almelo,508079819307153,PvdA,NA
D66 Heerlen,509188269199628,D66,NA
Pieter Paul Slikker - PvdA 073,509675125832784,PvdA,NA
SGP Utrechtse Heuvelrug,510879102598586,SGP,NA
Anne-Marijke Podt Kandidaat Tweede Kamer D66,515445868547714,D66,NA
PvdA Amstelveen,516828615098303,PvdA,NA
VVD Losser,521653237872282,VVD,NA
Groenlinks Kampen,521898577941258,GroenLinks,NA
Partij voor de Dieren Dronten,522244664875827,PvdD,NA
PvdA Almere,522603781144544,PvdA,NA
VVD Rijswijk,529757857120942,VVD,NA
D66,52985377549,D66,NA
Partij voor de vrijheid - Veenendaal,530225947335941,PVV,NA
CDA Amsterdam,535450106537661,CDA,NA
Annie Schreijer,536131049841051,CDA,NA
VVD Het Hogeland,542359679187058,VVD,NA
Partij van de Arbeid Woensdrecht,547661161996857,PvdA,NA
GroenLinks Oss,550239991805691,GroenLinks,NA
D66 Middelburg,551955401505079,D66,NA
Alexander Kreule VVD,553284941850879,VVD,NA
SP Bernheze,555679867783372,SP,NA
Jonge Democraten Utrecht,556182444396338,D66,NA
Stan Peters PvdA,560182477659896,PvdA,NA
ChristenUnie Apeldoorn,562357297179689,ChristenUnie,NA
Peter van Kessel,562459247528401,VVD,NA
PvdA Maassluis,564725660245239,PvdA,NA
Mr. Hans van Mierlo Stichting,571333213225618,D66,NA
SP Purmerend,571432623341874,SP,NA
GroenLinks Drenthe,573092316220069,GroenLinks,NA
Anita Pannebakker D66,581269312322294,D66,NA
PvdA-Harderwijk,583900934989488,PvdA,NA
PvdA Zoetermeer,589938234422084,PvdA,NA
VVD Heerenveen,590372277656268,VVD,NA
CDA Kerkrade,599313950125078,CDA,NA
VVD Wijdemeren,604919512865485,VVD,NA
Forum voor Democratie -FVD,609816282477420,FvD,NA
CDA Mill en Sint Hubert,610561445683906,CDA,NA
"DWARS, GroenLinkse Jongeren",610950552253067,GroenLinks,NA
Pvda Montferland,613711391989275,PvdA,NA
CDA Haarlem,616257468385419,CDA,NA
PvdA Medemblik,616490005068036,PvdA,NA
D66 Harderwijk/Hierden,617251821650596,D66,NA
CDA Drimmelen,618699471497068,CDA,NA
CDA Purmerend,626270210729407,CDA,NA
Pvda Den Bosch,627201893971363,PvdA,NA
D66 Boxtel,628289240576959,D66,NA
DENK Eindhoven,628535584020989,DENK,NA
CDA Valkenburg a/d Geul,630170627073175,CDA,NA
PvdA Smallingerland,630864096938801,PvdA,NA
D66 Internationaal,642930529119017,D66,NA
SP Enschede,644446145669723,SP,NA
Peter van Dalen,647389765316921,ChristenUnie,NA
GroenLinks Lochem,661049547329075,GroenLinks,NA
Pvda Alkmaar,667585943263634,PvdA,NA
D66 Steenwijkerland,669907336364750,D66,NA
SGP Nunspeet,671037142966257,SGP,NA
SGP Utrechtse Heuvelrug,673294653100165,SGP,NA
Rob Jetten,684205995075734,D66,NA
CDA West Maas en Waal,686529124720085,CDA,NA
Jesse Klaver,687496011309020,GroenLinks,NA
VVD Lochem,689730844383927,VVD,NA
DWARS Groningen,692001597477360,GroenLinks,NA
Groenlinks Baarn,698044973586589,GroenLinks,NA
CDA Noordwijk-Noordwijkerhout-De Zilk,698451706850384,CDA,NA
SP Noord-Holland,699014280188216,SP,NA
GroenLinks Zoetermeer,703877319733931,GroenLinks,NA
VVD Venray,715536175131982,VVD,NA
BIJ1,717249231795539,BIJ1,NA
VVD Kirchroa,721812541177719,VVD,NA
VVD Aalsmeer,731311010222651,VVD,NA
CDA Boxtel,748985915209148,CDA,NA
PvdA Zeeland,759417477428801,PvdA,NA
CDA Zwijndrecht,760125597332468,CDA,NA
Agnes Jongerius,764061133777036,PvdA,NA
D66 Amersfoort,77106680798,D66,NA
CDA Bergen op Zoom,771521899540181,CDA,NA
CDA Provincie Groningen,773700796038689,CDA,NA
VVD Waterland,783192395169199,VVD,NA
Tineke Strik,783842828375820,GroenLinks,NA
SGP Zeeland,784559828291177,SGP,NA
D66 Son en Breugel,795630170492563,D66,NA
VVD Papendrecht,806683962693581,VVD,NA
50plus Noord Brabant,808087532599076,50PLUS,NA
VVD Fryslan,818385898182914,VVD,NA
Lenny Putman,823097471184627,GroenLinks,NA
Henk Jan Ormel,823537391322678,CDA,NA
Martijn van Helvert,825800654145354,CDA,NA
VVD Wijk Bij Duurstede,828124077223507,VVD,NA
Lilian Marijnissen,844559615710915,SP,NA
Partij voor de Dieren Flevoland,850253651682648,PvdD,NA
VVD Voerendaal,852631531480102,VVD,NA
VVD Drimmelen,853228418123320,VVD,NA
PvdA Westland,862823187132723,PvdA,NA
GroenLinks Lutty van den Berg,873148779417275,GroenLinks,NA
GroenLinks Veldhoven,888203524868856,GroenLinks,NA
CDA Zwolle,890769134318110,CDA,NA
Boaz Adank,897610483722357,VVD,NA
GroenLinks Best,906928256312779,GroenLinks,NA
CDA Den Helder,920592431361475,CDA,NA
De Veldhovense VVD,920935371318767,VVD,NA
Jeroen Janssen - kandidaat Europarlementariër,921841297985499,VVD,NA
VVD Eemsdelta,930099740342915,VVD,NA
VVD Zaanstad,937513793002837,VVD,NA
GroenLinks Bloemendaal,939048969472738,GroenLinks,NA
VVD Voorne,945761432159312,VVD,NA
PVV Dordrecht,957516271079756,PVV,NA
Wybren van Haga,969158383214898,FvD,NA
VVD Tytsjerksteradiel,971443309666536,VVD,NA
GroenLinks Weststellingwerf,995464427271491,GroenLinks,NA
Robert Veldhuis BBB,101808345034398,BBB,NA
Amsterdam BIJ1,392732001145937,BIJ1,NA
Rebekka Timmer,115522827019743,BIJ1,NA
BVNL Noardeast-Fryslân,1471515466307161,BVNL,NA
Belang van Nederland - BVNL,100364422327666,BVNL,NA
Antoinette Roetgerink lijst CDA nr 61,105881151555946,CDA,NA
Bart van den Brink,102659231774493,CDA,NA
CDA Alkmaar,569095910244859,CDA,NA
CDA Almere,244033095778625,CDA,NA
CDA Altena,226133584536501,CDA,NA
CDA Amersfoort,130377573838100,CDA,NA
CDA Amstelveen,1783365325218130,CDA,NA
CDA Apeldoorn,194981260596528,CDA,NA
CDA Bergen-NH,645564278828304,CDA,NA
CDA Bloemendaal,458375320980518,CDA,NA
CDA Borsele,1648345775252712,CDA,NA
CDA Cranendonck,181281155612789,CDA,NA
CDA Den Bosch,338902089618318,CDA,NA
CDA Drenthe,550151728397109,CDA,NA
CDA Edam-Volendam,135140860013782,CDA,NA
CDA Ede,102851356485793,CDA,NA
CDA Emmen,572358059457661,CDA,NA
CDA Flevoland,270085373012452,CDA,NA
CDA Geldrop-Mierlo,364207513684504,CDA,NA
CDA Gennep,479179312279498,CDA,NA
CDA Goeree-Overflakkee,299553243443758,CDA,NA
CDA Goes,148023352020773,CDA,NA
CDA Gooise Meren,1447649805544699,CDA,NA
CDA Groningen,546440435446924,CDA,NA
CDA Heerlen,1732885833661470,CDA,NA
CDA Hoogeveen,517806454943781,CDA,NA
CDA Huizen,312923848793774,CDA,NA
CDA Kaag en Braassem,190987341063673,CDA,NA
CDA Koggenland,220365728121924,CDA,NA
CDA Kop van Noord Holland,736861463159374,CDA,NA
CDA Krimpen,307917159696642,CDA,NA
CDA Krimpenerwaard,924019610958351,CDA,NA
CDA Leiden,357316470970750,CDA,NA
CDA Limburg,148429941847666,CDA,NA
CDA Medemblik,297370010365715,CDA,NA
CDA Meppel,190690801121703,CDA,NA
CDA Midden-Drenthe,178954178962718,CDA,NA
CDA Moerdijk,130818490705926,CDA,NA
CDA Noord-Holland,652006578218691,CDA,NA
CDA OSS,265941240084225,CDA,NA
CDA Oirschot - De Beerzen,539113479503987,CDA,NA
CDA Raalte,418249331586629,CDA,NA
CDA Steenwijkerland,251874718679696,CDA,NA
CDA Tilburg,212200082218113,CDA,NA
CDA Venlo,102119459848996,CDA,NA
CDA Venray,875156262507508,CDA,NA
CDA Waadhoeke,212787845829630,CDA,NA
CDA Waalre,779064112119015,CDA,NA
CDA Zeewolde,195903857175578,CDA,NA
CDA-Landgraaf,713923081953772,CDA,NA
"Frank Buijs, CDA",597205093759430,CDA,NA
"Gabrielle Heine,  Nr. 37 CDA TK'21",103682868214533,CDA,NA
Gelderlandkiestcda,103497724987398,CDA,NA
Hilbert Bredemeijer,108661853969580,CDA,NA
Huibert van Rossum CDA,112652133973679,CDA,NA
Lucille Werner,143716979054755,CDA,NA
Marieke Nass TK,106826734620269,CDA,NA
Mona Keijzer,790841021006963,CDA,NA
Mustafa Bal,223967718058356,CDA,NA
Nr. 35 Piet-Cees van der Wel CDA,102925808393819,CDA,NA
Wytske Postma CDA,1394226180605930,CDA,NA
ChristenUnie Amstelveen,1994692877432938,ChristenUnie,NA
ChristenUnie Bunschoten,371687509536198,ChristenUnie,NA
ChristenUnie Elburg,415275778602417,ChristenUnie,NA
ChristenUnie Gooise Meren,786969904752487,ChristenUnie,NA
ChristenUnie Hoorn,350083421777747,ChristenUnie,NA
ChristenUnie Krimpen aan den IJssel,395993140522461,ChristenUnie,NA
ChristenUnie Lansingerland,371518953020043,ChristenUnie,NA
ChristenUnie Nieuwegein,191350871367589,ChristenUnie,NA
ChristenUnie Overbetuwe,164161077735859,ChristenUnie,NA
ChristenUnie Ridderkerk,349817395064360,ChristenUnie,NA
ChristenUnie Utrecht,331768960226513,ChristenUnie,NA
ChristenUnie Velsen,397594493709630,ChristenUnie,NA
ChristenUnie provincie Groningen,1386401111662274,ChristenUnie,NA
ChristenUnie-SGP Nijkerk&Hoevelaken,467199513374148,ChristenUnie,NA
Christenunie Harlingen,553853824711422,ChristenUnie,NA
Christenunie IJsselstein,1420541648174558,ChristenUnie,NA
Frank Visser,101861521923916,ChristenUnie,NA
"Carline van Breugel, #32",103171544945884,D66,NA
D66 - Rhenen,151043172169156,D66,NA
D66 Bergen op Zoom,251155788287644,D66,NA
D66 Breda,407794169274529,D66,NA
D66 Den Helder,436459169700367,D66,NA
D66 Diemen,669422673069579,D66,NA
D66 Druten,551956148205847,D66,NA
D66 Ede,260889263954978,D66,NA
D66 Emmen,1856250761366447,D66,NA
D66 Houten,512279162203266,D66,NA
D66 IJsselstein,179124345460762,D66,NA
D66 Land van Cuijk,120025204794757,D66,NA
D66 Lansingerland,480607798691317,D66,NA
D66 Medemblik,1963443847203345,D66,NA
D66 Midden-Brabant,276183766599577,D66,NA
D66 Oude IJsselstreek,253375728108660,D66,NA
D66 Overbetuwe,340028816030467,D66,NA
D66 Pijnacker-Nootdorp,149846575656180,D66,NA
D66 Rijswijk,132843257179595,D66,NA
D66 Utrechtse Heuvelrug,235383826599727,D66,NA
D66 Vlaardingen,241453325928760,D66,NA
D66 Weesp,113751728691400,D66,NA
D66 Weststellingwerf,265393510326093,D66,NA
D66 Wijchen,283053498459741,D66,NA
D66 Zoetermeer,389914581122059,D66,NA
D66 Zundert,1287551678030330,D66,NA
D66Zwolle,608154812530161,D66,NA
Eva van Wijngaarden - D66,241787933347407,D66,NA
Faissal & Hans - van Brabant tot Binnenhof,106051891452499,D66,NA
Fonda Sahla,101095462051264,D66,NA
Jan Paternotte,460256660794215,D66,NA
Joan Nunnely,360935727626846,D66,NA
Ojanne de Vries-Chang D66 Heerenveen,582911435391464,D66,NA
Raoul Boucke,1378051212479416,D66,NA
Rens Raemakers - D66,1631452517149430,D66,NA
Salima Belhaj,222198408214618,D66,NA
Sigrid Kaag,106085081224870,D66,NA
Stijn Warmenhoven,104655791595188,D66,NA
T M da Silva Marcos,622122857826026,D66,NA
VVD/Democraten 66 Oudewater,697503880284453,D66,NA
Wieke Paulusma - kandidaat Tweede Kamerlid D66,339699173856399,D66,NA
Dogukan Ergin,2319309638392192,DENK,NA
Elif Hotaman DENK,353672928444912,DENK,NA
Rosa luxemburg Denktank,228113670686100,DENK,NA
Wij Bedenken Namen.nl,116268309749092,DENK,NA
Arjan de Kok - FVD,106522161379858,FvD,NA
FVD Drenthe,940134542788638,FvD,NA
Frederik Jansen,100310298568268,FvD,NA
Dolf Warris - GroenLinks Oss,111357990764923,GroenLinks,NA
GroenLinks Amsterdam,295724207160150,GroenLinks,NA
GroenLinks Castricum,917881558331205,GroenLinks,NA
GroenLinks Gelderland,439958286016356,GroenLinks,NA
GroenLinks Meppel,502630913183362,GroenLinks,NA
GroenLinks Oegstgeest,642712149497103,GroenLinks,NA
GroenLinks Renkum,162865337242691,GroenLinks,NA
GroenLinks Steenwijkerland,2082563628696526,GroenLinks,NA
GroenLinks Utrecht,71794021654,GroenLinks,NA
GroenLinks-PvdA Bergeijk,294107264328691,GroenLinks,NA
Niels van den Berge,356287908062281,GroenLinks,NA
Progressief Akkoord - GroenLinks Deurne,1403428756564141,GroenLinks,NA
PvdA/GroenLinks De Ronde Venen,654552347982213,GroenLinks,NA
WB GroenLinks,319619458061587,GroenLinks,NA
JA21 Zeeland,110827711048844,Ja21,NA
PVV Den Bosch,1885139435031870,PVV,NA
PVV Nissewaard,699772150456009,PVV,NA
PVV Terneuzen,330953914086255,PVV,NA
Abassin Nessar,326793911277704,PvdA,NA
Attiya Gamri,102724325036192,PvdA,NA
Barbara Oomen - PvdA,101159881939305,PvdA,NA
Bart van Bruggen,103297868467170,PvdA,NA
Bas Bijlsma PvdA,104442305044892,PvdA,NA
Jasper Kuntzelaers,101147471988851,PvdA,NA
Kirsten van den Hul,357845981244334,PvdA,NA
Lilianne Ploumen,509195185792644,PvdA,NA
Partij van de Arbeid Gouda,250194101810997,PvdA,NA
PvdA Beverwijk-Wijk aan Zee,1561655447470490,PvdA,NA
PvdA Bommelerwaard,760513170764398,PvdA,NA
PvdA Buren,1376952949196088,PvdA,NA
PvdA Dordrecht,196356360492610,PvdA,NA
PvdA Ede,437846019616612,PvdA,NA
PvdA Eindhoven,518030681575705,PvdA,NA
PvdA Gelderland,300057413403421,PvdA,NA
PvdA Goeree-Overflakkee,541796845835057,PvdA,NA
PvdA Heerlen,208105776983,PvdA,NA
PvdA Heiloo,732205243634926,PvdA,NA
PvdA Het Hogeland,1663807260315461,PvdA,NA
PvdA Leeuwarden,158512744257888,PvdA,NA
PvdA Provincie Utrecht,377484722432934,PvdA,NA
PvdA Roze Netwerk,139047456304129,PvdA,NA
PvdA Steenbergen,544678845644158,PvdA,NA
PvdA Steenwijkerland,296016837171041,PvdA,NA
PvdA Teylingen,416002915117744,PvdA,NA
PvdA Tytsjerksteradiel,533612593362231,PvdA,NA
PvdA Vijfheerenlanden,897113157074278,PvdA,NA
PvdA Woerden,863916193670914,PvdA,NA
PvdA Zwijndrecht.,540144089412228,PvdA,NA
PvdA-Drenthe,103025673101606,PvdA,NA
PvdA-afdeling Lochem,1513913028938636,PvdA,NA
Pvda Amsterdam Oost,395020097267467,PvdA,NA
Pvda Bronckhorst,998027266909008,PvdA,NA
Pvda Doetinchem,444106485673341,PvdA,NA
Pvda Huizen,647735612019661,PvdA,NA
Pvda Rheden en Rozendaal,668085866536115,PvdA,NA
Pvda Waterland,230026360513786,PvdA,NA
Pvda Zutphen Warnsveld,254894508007415,PvdA,NA
Sofyan Mbarki,690312227655661,PvdA,NA
Songul Mutluer,104692921564419,PvdA,NA
VeraTax,712637722497338,PvdA,NA
Partij voor de Dieren - werkgroep Lochem,1522391087848593,PvdD,NA
Partij voor de Dieren Dordrecht,138553482994927,PvdD,NA
Partij voor de Dieren Gelderland,174753755981452,PvdD,NA
Partij voor de Dieren Gemeente Groningen,976825745813543,PvdD,NA
Partij voor de Dieren Lelystad,444772086026343,PvdD,NA
Partij voor de Dieren Utrecht,128863843840889,PvdD,NA
Partij voor de Dieren Zuid-Holland,195643057135775,PvdD,NA
Partij voor de Dieren werkgroep Culemborg,311026109316385,PvdD,NA
Partij voor de Dieren-Werkgroep Achterhoek,486736151486421,PvdD,NA
Roelof Bisschop,108935297338227,SGP,NA
SGP Jongeren Staphorst,344383675689926,SGP,NA
SGP Vlissingen,349588205180009,SGP,NA
SGP-Houten,176838042520007,SGP,NA
SGP-jongeren Merwestreek,916076498549478,SGP,NA
SGPJ Ambacht-Zwijndrecht,182568432352387,SGP,NA
SP Bergen op Zoom,299486430147132,SP,NA
SP Capelle aan den IJssel,1385539908345370,SP,NA
SP Gouda,358346067510653,SP,NA
SP Halderberge Rucphen,1877043885916734,SP,NA
SP Landgraaf,190998791633352,SP,NA
SP Landsmeer/Waterland,262069787271921,SP,NA
SP Lelystad,600613763337572,SP,NA
SP Schagen,118479041566849,SP,NA
SP afdeling Emmen,323433701105781,SP,NA
Volt Rotterdam,667343843707423,Volt Nederland,NA
Volt Utrecht,448705809216110,Volt Nederland,NA
Volt Zeeland,109419847588993,Volt Nederland,NA
voltnederland,2254339927992005,Volt Nederland,NA
Claire Martens -raadslid Amsterdamse VVD-,299978833838923,VVD,NA
De Nieuwegeinse VVD,383092391883267,VVD,NA
Erik Haverkort - VVD,100588985336140,VVD,NA
Graafse VVD,153280281401807,VVD,NA
Janine van Hulsteijn,602178776878921,VVD,NA
Joey Leeuwinga,446290229247621,VVD,NA
Liesbeth Rooijmans - VVD,101960038530154,VVD,NA
Martijn Buijsse #53 VVD,103530541783879,VVD,NA
Peter de Groot - VVD,104583928192941,VVD,NA
Roelof Theun Hoen,180023369422229,VVD,NA
Ruben Brekelmans,104116481720032,VVD,NA
Thom van Campen VVD,337319254292145,VVD,NA
Tim Simons,106058884856260,VVD,NA
VVD - Edith van den Ham,597349860355112,VVD,NA
VVD Alphen-Chaam,1812265315505886,VVD,NA
VVD Amstelveen,190006687752310,VVD,NA
VVD Assen,238437236319251,VVD,NA
VVD Beekdaelen,215146218889965,VVD,NA
VVD Bernheze,1593395534300029,VVD,NA
VVD Borger-Odoorn,333261296860074,VVD,NA
VVD Drenthe,1530277467215488,VVD,NA
VVD Dronten,319563324738156,VVD,NA
VVD Goes,535497706467042,VVD,NA
VVD Groningen,121704097936297,VVD,NA
VVD HIA,366931160160935,VVD,NA
VVD Haarlemmermeer,240487486029252,VVD,NA
VVD Hilvarenbeek,170264783021544,VVD,NA
VVD Hoeksche Waard,344688586019193,VVD,NA
VVD Hoorn,226011184205452,VVD,NA
VVD Jeannette Baljeu,864975727175786,VVD,NA
VVD Kaag en Braassem,509341095749258,VVD,NA
VVD Leeuwarden,1377601545801431,VVD,NA
VVD Leusden,246449775514598,VVD,NA
VVD Lingewaard,305121659514613,VVD,NA
VVD Noordoostpolder,1390230454568514,VVD,NA
VVD Oss,922275131120043,VVD,NA
VVD Oude-IJsselstreek,212733135936874,VVD,NA
VVD Overijssel,885371264817071,VVD,NA
VVD Regio Fryslân,105913804794830,VVD,NA
VVD Roermond,448759811826413,VVD,NA
VVD Soest-Soesterberg,103877048563570,VVD,NA
VVD Veenendaal,254628621255389,VVD,NA
VVD Westfriesland,238370166527350,VVD,NA
VVD Westland,223379487703566,VVD,NA
VVD Weststellingwerf,383790798412506,VVD,NA
VVD Zutphen-Warnsveld,1388244018106570,VVD,NA
VVD in de Eerste Kamer,105879341498800,VVD,NA
VVD-Maashorst,457810957661494,VVD,NA
de Bergse VVD,487529177944861,VVD,NA
PvdA-GroenLinks Boxtel,1381731098742805,PvdA,yo
"PvdA-GroenLinks Vught, Helvoirt & Cromvoirt",329248237216890,PvdA,yo
PvdA Goes,1412530858983763,PvdA,yo
D66 Oisterwijk,1.34569E+15,D66,yo
VVD Maasland,1743766155846128,VVD,yo
PvdA Nijmegen,1393529407559073,PvdA,yo
CDA Midden-Groningen,1.64901E+15,CDA,yo
D66 Goes,1750415495212074,D66,yo
Forum voor Democratie Zeeland,1631684917126244,FvD,yo
Jonge Socialisten Rijnmond,143150269032772,PvdA,yo
Partij voor de Dieren Almere,1746352698711497,PvdD,yo
PvdA Stichtse Vecht,1715340175444649,PvdA,yo
SGP ChristenUnie Goes,100881570041931,ChristenUnie,yo
SGP Urk,1475272182780528,SGP,yo
VVD Wormerland,1196350273823975,VVD,yo
